{
  "title": "calibrate ur3e with block camera",
  "author": "Curt Henrichs",
  "version": "0.0.1",
  "frame_id": "base_link",
  "environment": [],
  "task": [
    {
      "name": "calibrate_robot_to_camera",
      "path_to_region": [
        {
          "position": {
            "y": 0.25,
            "x": 0,
            "z": 0.3
          },
          "name": "move",
          "orientation": {
            "y": 0,
            "x": 0.707,
            "z": -0.707,
            "w": 0
          }
        },
        {
            "position": {
                "y": 0.4,
                "x": -0.2,
                "z": 0.3
            },
            "name": "move",
            "orientation": {
              "y": 0.7071067811865475,
              "x": 0.7071067811865475,
              "z": 0,
              "w": 0
            }
        },
        {
            "position": {
                "y": 0.4,
                "x": -0.2,
                "z": 0.2
            },
            "name": "move",
            "orientation": {
              "y": 0.7071067811865475,
              "x": 0.7071067811865475,
              "z": 0,
              "w": 0
            }
        }
      ],
      "tag_to_ee_transform": {
        "position": {
          "x": -0.000279492494883,
          "y": -0.000972088193521,
          "z": -0.0540001615882
        },
        "orientation": {
          "x": -0.999764561653,
          "y": 0.000229449724429,
          "z": -0.0170231070369,
          "w": 0.013475377112
        }
      },
      "tag_id": "4"
    },
    {
      "position": {
        "y": 0.25,
        "x": 0,
        "z": 0.3
      },
      "name": "move",
      "orientation": {
        "y": 0,
        "x": 0.707,
        "z": -0.707,
        "w": 0
      }
    }
  ]
}
