{
  "title": "calibrate ur3e with block camera",
  "author": "Curt Henrichs",
  "version": "0.0.1",
  "frame_id": "base_link",
  "environment": [],
  "task": [
    {
      "name": "calibrate_robot_to_camera",
      "path_to_region": [
        {
          "position": {
            "y": 0.25,
            "x": 0,
            "z": 0.3
          },
          "name": "move",
          "orientation": {
            "y": 0,
            "x": 0.707,
            "z": -0.707,
            "w": 0
          }
        },
        {
            "position": {
                "y": 0.45,
                "x": -0.2,
                "z": 0.3
            },
            "name": "move",
            "orientation": {
              "y": 0.7071067811865475,
              "x": 0.7071067811865475,
              "z": 0,
              "w": 0
            }
        },
        {
            "position": {
                "y": 0.45,
                "x": -0.2,
                "z": 0.2
            },
            "name": "move",
            "orientation": {
              "y": 0.7071067811865475,
              "x": 0.7071067811865475,
              "z": 0,
              "w": 0
            }
        }
      ],
      "tag_to_ee_transform": {
        "position": {
          "x": 0.02,
          "y": -0.0025,
          "z": -0.04
        },
        "orientation": {
          "x": 0.999734461308,
          "y": -0.0182765759528,
          "z": -0.0107510248199,
          "w": -0.0090561574325
        },
        "orientation_old": {
          "x": 0.999792337418,
          "y": -0.0181913115084,
          "z": 0.00919223576784,
          "w": -0.000168063037563
        }
      },
      "tag_id": "4"
    }
  ]
}
