{
  "title": "calibrate ur3e with block camera",
  "author": "Curt Henrichs",
  "version": "0.0.1",
  "frame_id": "base_link",
  "environment": [],
  "task": [
    {
      "name": "calibrate_robot_to_camera",
      "path_to_region": [
        {
          "position": {
            "y": 0.25,
            "x": 0,
            "z": 0.3
          },
          "name": "move",
          "orientation": {
            "y": 0,
            "x": 0.707,
            "z": -0.707,
            "w": 0
          }
        },
        {
            "position": {
                "y": 0.45,
                "x": -0.2,
                "z": 0.3
            },
            "name": "move",
            "orientation": {
              "y": 0.7071067811865475,
              "x": 0.7071067811865475,
              "z": 0,
              "w": 0
            }
        },
        {
            "position": {
                "y": 0.45,
                "x": -0.2,
                "z": 0.2
            },
            "name": "move",
            "orientation": {
              "y": 0.7071067811865475,
              "x": 0.7071067811865475,
              "z": 0,
              "w": 0
            }
        }
      ],
      "tag_to_ee_transform": {
        "position": {
          "x": -2.79396772385e-09,
          "y": 0.000169443315826,
          "z": -0.0432787090
        },
        "orientation": {
          "x": -0.99911236763,
          "y": 0.000727943726815,
          "z": -0.0395599603653,
          "w": -0.0144719388336
        }
      },
      "tag_id": "4"
    }
  ]
}
