{
    "task": [
        {
            "position": {
                "y": 0.25, 
                "x": 0.0, 
                "z": 0.5
            }, 
            "name": "move", 
            "orientation": {
                "y": 1.5707963267948966, 
                "x": 0.0, 
                "z": 3.141592653589793
            }
        }
    ]
}